{"cameraMode":{"drawMode":0,"name":"Shaded","section":"Shading Mode"},"sceneLighting":true,"audioPlay":false,"sceneViewState":{"showFog":true,"showMaterialUpdate":false,"showSkybox":true,"showFlares":true,"showImageEffects":true,"showParticleSystems":true},"in2DMode":false,"pivot":{"x":-40.161075592041019,"y":22.41029930114746,"z":116.6200180053711},"rotation":{"x":0.2351476401090622,"y":-0.2900606393814087,"z":0.07375795394182205,"w":0.9247325658798218},"size":421.1703186035156,"orthographic":false}