{"cameraMode":{"drawMode":0,"name":"Shaded","section":"Shading Mode"},"sceneLighting":true,"audioPlay":false,"sceneViewState":{"showFog":true,"showMaterialUpdate":false,"showSkybox":true,"showFlares":true,"showImageEffects":true,"showParticleSystems":true},"in2DMode":false,"pivot":{"x":108.63140106201172,"y":146.7777862548828,"z":236.81240844726563},"rotation":{"x":-0.17819346487522126,"y":-0.8114577531814575,"z":0.4587129056453705,"w":-0.315223753452301},"size":9.34117317199707,"orthographic":false}