{"cameraMode":{"drawMode":0,"name":"Shaded","section":"Shading Mode"},"sceneLighting":true,"audioPlay":false,"sceneViewState":{"showFog":true,"showMaterialUpdate":false,"showSkybox":true,"showFlares":true,"showImageEffects":true,"showParticleSystems":true},"in2DMode":false,"pivot":{"x":-0.8165798187255859,"y":6.492465496063232,"z":-2.7111425399780275},"rotation":{"x":0.03966216742992401,"y":0.9039261937141419,"z":-0.08595868200063706,"w":0.4170798063278198},"size":22.0,"orthographic":false}