{"cameraMode":{"drawMode":0,"name":"Shaded","section":"Shading Mode"},"sceneLighting":true,"audioPlay":false,"sceneViewState":{"showFog":true,"showMaterialUpdate":false,"showSkybox":true,"showFlares":true,"showImageEffects":true,"showParticleSystems":true},"in2DMode":false,"pivot":{"x":246.52955627441407,"y":44.23030471801758,"z":-216.07589721679688},"rotation":{"x":0.15952053666114808,"y":0.4467051327228546,"z":-0.08129128813743592,"w":0.876583993434906},"size":114.00947570800781,"orthographic":false}