{"cameraMode":{"drawMode":0,"name":"Shaded","section":"Shading Mode"},"sceneLighting":true,"audioPlay":false,"sceneViewState":{"showFog":true,"showMaterialUpdate":false,"showSkybox":true,"showFlares":true,"showImageEffects":true,"showParticleSystems":true},"in2DMode":false,"pivot":{"x":75.93895721435547,"y":37.10867691040039,"z":90.0},"rotation":{"x":0.12640830874443055,"y":0.04998292028903961,"z":-0.006377218756824732,"w":0.9906977415084839},"size":136.58187866210938,"orthographic":false}